<?xml version="1.0" encoding="UTF-8"?>
<wls:weblogic-web-app
        xmlns:wls="http://xmlns.oracle.com/weblogic/weblogic-web-app"
        xmlns:xsi="http://www.w3.org/2001/XMLSchema-instance"
        xsi:schemaLocation="http://xmlns.oracle.com/weblogic/weblogic-web-app
        http://xmlns.oracle.com/weblogic/weblogic-web-app/1.4/weblogic-web-app.xsd">
    <wls:context-root>eisUtilWeb</wls:context-root>
    <!-- <wls:context-root></wls:context-root> -->
    <wls:container-descriptor>
        <wls:prefer-application-packages>
            <wls:package-name>org.slf4j.*</wls:package-name>
            <wls:package-name>org.springframework.*</wls:package-name>
        </wls:prefer-application-packages>
    </wls:container-descriptor>
      <wls:security-role-assignment>
    <wls:role-name>ROLE_ADMIN</wls:role-name>
      <!-- <wls:principal-name>Everyone_Global</wls:principal-name> -->
     <wls:principal-name>svc-BEAFedPlat</wls:principal-name>
<!-- <wls:principal-name>App-eis-etm-admins</wls:principal-name> -->

      
  </wls:security-role-assignment>

  <wls:session-descriptor>
    <wls:cookie-name>SESSIONIDDEMO</wls:cookie-name>
    <wls:cookie-path>/</wls:cookie-path>
    <wls:cookie-http-only>false</wls:cookie-http-only>
    <wls:url-rewriting-enabled>true</wls:url-rewriting-enabled>
  </wls:session-descriptor>
</wls:weblogic-web-app>
